{"IcoMoonType":"selection","icons":[{"icon":{"paths":["M810 554h-256v256h-84v-256h-256v-84h256v-256h84v256h256v84z"],"attrs":[],"isMulticolor":false,"isMulticolor2":false,"tags":["add"],"grid":24},"attrs":[],"properties":{"ligatures":"add","id":146,"order":14,"prevSize":24,"code":59648,"name":"add"},"setIdx":0,"setId":1,"iconIdx":146},{"icon":{"paths":["M534 298v224l192 114-32 54-224-136v-256h64zM512 854q140 0 241-101t101-241-101-241-241-101-241 101-101 241 101 241 241 101zM512 86q176 0 301 125t125 301-125 301-301 125-301-125-125-301 125-301 301-125z"],"attrs":[],"isMulticolor":false,"isMulticolor2":false,"tags":["access_time","query_builder","schedule"],"grid":24},"attrs":[],"properties":{"ligatures":"access_time, query_builder, schedule","id":199,"order":9,"prevSize":24,"code":59649,"name":"clock"},"setIdx":0,"setId":1,"iconIdx":199},{"icon":{"paths":["M810 426h86v172h-86v-172zM640 768v-512h86v512h-86zM128 598v-172h86v172h-86zM470 938v-852h84v852h-84zM298 768v-512h86v512h-86z"],"attrs":[],"isMulticolor":false,"isMulticolor2":false,"tags":["graphic_eq"],"grid":24},"attrs":[],"properties":{"ligatures":"graphic_eq","id":222,"order":22,"prevSize":24,"code":59650,"name":"chart-2"},"setIdx":0,"setId":1,"iconIdx":222},{"icon":{"paths":["M298 214h598v84h-598v-84zM298 554v-84h598v84h-598zM298 810v-84h598v84h-598zM170 704q26 0 45 19t19 45-19 45-45 19-45-19-19-45 19-45 45-19zM170 192q26 0 45 18t19 46-19 46-45 18-45-18-19-46 19-46 45-18zM170 448q26 0 45 18t19 46-19 46-45 18-45-18-19-46 19-46 45-18z"],"attrs":[],"isMulticolor":false,"isMulticolor2":false,"tags":["format_list_bulleted"],"grid":24},"attrs":[],"properties":{"ligatures":"format_list_bulleted","id":277,"order":19,"prevSize":24,"code":59651,"name":"chart-1"},"setIdx":0,"setId":1,"iconIdx":277},{"icon":{"paths":["M692 554h118v256h-118v-256zM452 214h120v596h-120v-596zM214 392h128v418h-128v-418z"],"attrs":[],"isMulticolor":false,"isMulticolor2":false,"tags":["bar_chart"],"grid":24},"attrs":[],"properties":{"ligatures":"bar_chart","id":316,"order":20,"prevSize":24,"code":59652,"name":"chart-3"},"setIdx":0,"setId":1,"iconIdx":316},{"icon":{"paths":["M598 214h212v212h-84v-128h-128v-84zM726 726v-128h84v212h-212v-84h128zM214 426v-212h212v84h-128v128h-84zM298 598v128h128v84h-212v-212h84z"],"attrs":[],"isMulticolor":false,"isMulticolor2":false,"tags":["fullscreen"],"grid":24},"attrs":[],"properties":{"ligatures":"fullscreen","id":598,"order":18,"prevSize":24,"code":59653,"name":"fullscreen"},"setIdx":0,"setId":1,"iconIdx":598},{"icon":{"paths":["M150 788l-64-64 320-320 170 172 302-340 60 60-362 408-170-172z"],"attrs":[],"isMulticolor":false,"isMulticolor2":false,"tags":["show_chart"],"grid":24},"attrs":[],"properties":{"ligatures":"show_chart","id":671,"order":21,"prevSize":24,"code":59654,"name":"chart-4"},"setIdx":0,"setId":1,"iconIdx":671},{"icon":{"paths":["M512 598q108 0 225 47t117 123v86h-684v-86q0-76 117-123t225-47zM512 512q-70 0-120-50t-50-120 50-121 120-51 120 51 50 121-50 120-120 50z"],"attrs":[],"isMulticolor":false,"isMulticolor2":false,"tags":["person"],"grid":24},"attrs":[],"properties":{"ligatures":"person","id":685,"order":13,"prevSize":24,"code":59655,"name":"user"},"setIdx":0,"setId":1,"iconIdx":685},{"icon":{"paths":["M554 128h342v256h-342v-256zM554 896v-426h342v426h-342zM128 896v-256h342v256h-342zM128 554v-426h342v426h-342z"],"attrs":[],"isMulticolor":false,"isMulticolor2":false,"tags":["dashboard"],"grid":24},"attrs":[],"properties":{"ligatures":"dashboard","id":736,"order":10,"prevSize":24,"code":59656,"name":"dashboard"},"setIdx":0,"setId":1,"iconIdx":736},{"icon":{"paths":["M426 854h-212v-342h-128l426-384 426 384h-128v342h-212v-256h-172v256z"],"attrs":[],"isMulticolor":false,"isMulticolor2":false,"tags":["home"],"grid":24},"attrs":[],"properties":{"ligatures":"home","id":756,"order":11,"prevSize":24,"code":59657,"name":"home"},"setIdx":0,"setId":1,"iconIdx":756},{"icon":{"paths":["M512 662q62 0 106-44t44-106-44-106-106-44-106 44-44 106 44 106 106 44zM830 554l90 70q14 10 4 28l-86 148q-8 14-26 8l-106-42q-42 30-72 42l-16 112q-4 18-20 18h-172q-16 0-20-18l-16-112q-38-16-72-42l-106 42q-18 6-26-8l-86-148q-10-18 4-28l90-70q-2-14-2-42t2-42l-90-70q-14-10-4-28l86-148q8-14 26-8l106 42q42-30 72-42l16-112q4-18 20-18h172q16 0 20 18l16 112q38 16 72 42l106-42q18-6 26 8l86 148q10 18-4 28l-90 70q2 14 2 42t-2 42z"],"attrs":[],"isMulticolor":false,"isMulticolor2":false,"tags":["settings"],"grid":24},"attrs":[],"properties":{"ligatures":"settings","id":790,"order":16,"prevSize":24,"code":59658,"name":"settings"},"setIdx":0,"setId":1,"iconIdx":790},{"icon":{"paths":["M512 256q70 0 120 50t50 120q0 54-64 111t-64 103h-84q0-46 20-79t44-48 44-37 20-50q0-34-26-59t-60-25-60 25-26 59h-84q0-70 50-120t120-50zM512 854q140 0 241-101t101-241-101-241-241-101-241 101-101 241 101 241 241 101zM512 86q176 0 301 125t125 301-125 301-301 125-301-125-125-301 125-301 301-125zM470 768v-86h84v86h-84z"],"attrs":[],"isMulticolor":false,"isMulticolor2":false,"tags":["help_outline"],"grid":24},"attrs":[],"properties":{"ligatures":"help_outline","id":850,"order":15,"prevSize":24,"code":59659,"name":"help"},"setIdx":0,"setId":1,"iconIdx":850},{"icon":{"paths":["M854 896v-554h-684v554h684zM854 128q34 0 59 26t25 60v682q0 34-25 60t-59 26h-684q-34 0-59-26t-25-60v-682q0-34 25-60t59-26h44v-86h84v86h428v-86h84v86h44z"],"attrs":[],"isMulticolor":false,"isMulticolor2":false,"tags":["calendar_today"],"grid":24},"attrs":[],"properties":{"ligatures":"calendar_today","id":903,"order":23,"prevSize":24,"code":59660,"name":"calendar"},"setIdx":0,"setId":1,"iconIdx":903},{"icon":{"paths":["M470 384h128v128h-128v-128zM470 554h128v300h-128v-300zM682 554h128v86h-128v-86zM682 682h128v172h-128v-172zM256 214h128v170h-128v-170zM256 426h128v428h-128v-428z"],"attrs":[],"isMulticolor":false,"isMulticolor2":false,"tags":["stacked_bar_chart"],"grid":24},"attrs":[],"properties":{"ligatures":"stacked_bar_chart","id":1026,"order":26,"prevSize":24,"code":59663,"name":"chart-5"},"setIdx":0,"setId":1,"iconIdx":1026},{"icon":{"paths":["M682 426v214q0 70-50 120t-120 50-120-50-50-120v-278q0-44 31-75t75-31h12q42 4 68 37t26 75v272h-84v-278q0-20-22-20t-22 20v278q0 34 26 60t60 26 60-26 26-60v-214h84zM256 854h512v-512h-170v-172h-342v684zM640 86l214 212v556q0 34-26 59t-60 25h-512q-34 0-60-25t-26-59v-684q0-34 26-59t60-25h384z"],"attrs":[],"isMulticolor":false,"isMulticolor2":false,"tags":["file_present"],"grid":24},"attrs":[],"properties":{"ligatures":"file_present","id":1046,"order":25,"prevSize":24,"code":59661,"name":"file"},"setIdx":0,"setId":1,"iconIdx":1046}],"height":1024,"metadata":{"name":"icomoon"},"preferences":{"showGlyphs":true,"showCodes":true,"showQuickUse":true,"showQuickUse2":true,"showSVGs":true,"fontPref":{"prefix":"icon-","metadata":{"fontFamily":"icomoon","majorVersion":1,"minorVersion":0},"metrics":{"emSize":1024,"baseline":6.25,"whitespace":50},"embed":false},"imagePref":{"prefix":"icon-","png":true,"useClassSelector":true,"color":0,"bgColor":16777215,"name":"icomoon","classSelector":".icon"},"historySize":50,"gridSize":16}}